<?xml version="1.0" encoding="utf-8"?>
<extension version="1.7" type="file" method="upgrade">
	<name>JComments French</name>
	<version>2.3.0</version>
	<creationDate>20/02/2012</creationDate>
	<author>Saber, Jean-Marie Chauvel, Eric Lamy, Max Schmit</author>
	<authorEmail>translations@joomlatune.com</authorEmail>
	<authorUrl>http://www.joomlatune.com/jcomments/translations.html</authorUrl>
	<copyright>(C) 2006-2012 JoomlaTune.ru. All rights reserved.</copyright>
	<license>http://www.gnu.org/licenses/gpl-2.0.html GNU/GPL</license>
	<description>French language pack for JComments</description>
	<fileset>
		<files folder="site" target="language/fr-FR">
			<filename>fr-FR.com_jcomments.ini</filename>
			<filename>fr-FR.plg_search_jcomments.ini</filename>
		</files>
		<files folder="admin" target="administrator/language/fr-FR">
			<filename>fr-FR.com_jcomments.ini</filename>
			<filename>fr-FR.com_jcomments.sys.ini</filename>
			<filename>fr-FR.plg_content_jcomments.ini</filename>
			<filename>fr-FR.plg_content_jcomments.sys.ini</filename>
			<filename>fr-FR.plg_editors-xtd_jcommentsoff.ini</filename>
			<filename>fr-FR.plg_editors-xtd_jcommentsoff.sys.ini</filename>
			<filename>fr-FR.plg_editors-xtd_jcommentson.ini</filename>
			<filename>fr-FR.plg_editors-xtd_jcommentson.sys.ini</filename>
			<filename>fr-FR.plg_search_jcomments.ini</filename>
			<filename>fr-FR.plg_search_jcomments.sys.ini</filename>
			<filename>fr-FR.plg_system_jcomments.ini</filename>
			<filename>fr-FR.plg_system_jcomments.sys.ini</filename>
			<filename>fr-FR.plg_user_jcomments.ini</filename>
			<filename>fr-FR.plg_user_jcomments.sys.ini</filename>
		</files>
	</fileset>
</extension>